id,num,name,img,type,height,weight,candy,candy_count,egg,spawn_chance,avg_spawns,spawn_time,multipliers,weaknesses,next_evolution,prev_evolution
1,1,Bulbasaur,http://www.serebii.net/pokemongo/pokemon/001.png,"Grass, Poison",0.71,6.9,Bulbasaur Candy,25,2 km,0.69,69,20:00,1.58,"Fire, Ice, Flying, Psychic","002: Ivysaur, 003: Venusaur",
2,2,Ivysaur,http://www.serebii.net/pokemongo/pokemon/002.png,"Grass, Poison",0.99,13,Bulbasaur Candy,100,Not in Eggs,0.042,4,07:00,"1.2, 1.6","Fire, Ice, Flying, Psychic",003: Venusaur,001: Bulbasaur
3,3,Venusaur,http://www.serebii.net/pokemongo/pokemon/003.png,"Grass, Poison",2.01,100,Bulbasaur Candy,0,Not in Eggs,0.017,1,11:30,0,"Fire, Ice, Flying, Psychic",,"001: Bulbasaur, 002: Ivysaur"
4,4,Charmander,http://www.serebii.net/pokemongo/pokemon/004.png,Fire,0.61,8.5,Charmander Candy,25,2 km,0.253,25,08:45,1.65,"Water, Ground, Rock","005: Charmeleon, 006: Charizard",
5,5,Charmeleon,http://www.serebii.net/pokemongo/pokemon/005.png,Fire,1.09,19,Charmander Candy,100,Not in Eggs,0.012,1,19:00,1.79,"Water, Ground, Rock",006: Charizard,004: Charmander
6,6,Charizard,http://www.serebii.net/pokemongo/pokemon/006.png,"Fire, Flying",1.7,90.5,Charmander Candy,0,Not in Eggs,0.0031,0,13:34,0,"Water, Electric, Rock",,"004: Charmander, 005: Charmeleon"
7,7,Squirtle,http://www.serebii.net/pokemongo/pokemon/007.png,Water,0.51,9,Squirtle Candy,25,2 km,0.58,58,04:25,2.1,"Electric, Grass","008: Wartortle, 009: Blastoise",
8,8,Wartortle,http://www.serebii.net/pokemongo/pokemon/008.png,Water,0.99,22.5,Squirtle Candy,100,Not in Eggs,0.034,3,07:02,1.4,"Electric, Grass",009: Blastoise,007: Squirtle
9,9,Blastoise,http://www.serebii.net/pokemongo/pokemon/009.png,Water,1.6,85.5,Squirtle Candy,0,Not in Eggs,0.0067,0,00:06,0,"Electric, Grass",,"007: Squirtle, 008: Wartortle"
10,10,Caterpie,http://www.serebii.net/pokemongo/pokemon/010.png,Bug,0.3,2.9,Caterpie Candy,12,2 km,3.032,303,16:35,1.05,"Fire, Flying, Rock","011: Metapod, 012: Butterfree",
11,11,Metapod,http://www.serebii.net/pokemongo/pokemon/011.png,Bug,0.71,9.9,Caterpie Candy,50,Not in Eggs,0.187,18,02:11,"3.55, 3.79","Fire, Flying, Rock",012: Butterfree,010: Caterpie
12,12,Butterfree,http://www.serebii.net/pokemongo/pokemon/012.png,"Bug, Flying",1.09,32,Caterpie Candy,0,Not in Eggs,0.022,2,05:23,0,"Fire, Electric, Ice, Flying, Rock",,"010: Caterpie, 011: Metapod"
13,13,Weedle,http://www.serebii.net/pokemongo/pokemon/013.png,"Bug, Poison",0.3,3.2,Weedle Candy,12,2 km,7.12,712,02:21,"1.01, 1.09","Fire, Flying, Psychic, Rock","014: Kakuna, 015: Beedrill",
14,14,Kakuna,http://www.serebii.net/pokemongo/pokemon/014.png,"Bug, Poison",0.61,10,Weedle Candy,50,Not in Eggs,0.44,44,02:30,"3.01, 3.41","Fire, Flying, Psychic, Rock",015: Beedrill,013: Weedle
15,15,Beedrill,http://www.serebii.net/pokemongo/pokemon/015.png,"Bug, Poison",0.99,29.5,Weedle Candy,0,Not in Eggs,0.051,5,04:50,0,"Fire, Flying, Psychic, Rock",,"013: Weedle, 014: Kakuna"
16,16,Pidgey,http://www.serebii.net/pokemongo/pokemon/016.png,"Normal, Flying",0.3,1.8,Pidgey Candy,12,2 km,15.98,1,01:34,"1.71, 1.92","Electric, Rock","017: Pidgeotto, 018: Pidgeot",
17,17,Pidgeotto,http://www.serebii.net/pokemongo/pokemon/017.png,"Normal, Flying",1.09,30,Pidgey Candy,50,Not in Eggs,1.02,102,01:30,1.79,"Electric, Rock",018: Pidgeot,016: Pidgey
18,18,Pidgeot,http://www.serebii.net/pokemongo/pokemon/018.png,"Normal, Flying",1.5,39.5,Pidgey Candy,0,Not in Eggs,0.13,13,01:50,0,"Electric, Rock",,"016: Pidgey, 017: Pidgeotto"
19,19,Rattata,http://www.serebii.net/pokemongo/pokemon/019.png,Normal,0.3,3.5,Rattata Candy,25,2 km,13.05,1,01:55,"2.55, 2.73",Fighting,020: Raticate,
20,20,Raticate,http://www.serebii.net/pokemongo/pokemon/020.png,Normal,0.71,18.5,Rattata Candy,0,Not in Eggs,0.41,41,01:56,0,Fighting,,019: Rattata
21,21,Spearow,http://www.serebii.net/pokemongo/pokemon/021.png,"Normal, Flying",0.3,2,Spearow Candy,50,2 km,4.73,473,12:25,"2.66, 2.68","Electric, Rock",022: Fearow,
22,22,Fearow,http://www.serebii.net/pokemongo/pokemon/022.png,"Normal, Flying",1.19,38,Spearow Candy,0,Not in Eggs,0.15,15,01:11,0,"Electric, Rock",,021: Spearow
23,23,Ekans,http://www.serebii.net/pokemongo/pokemon/023.png,Poison,2.01,6.9,Ekans Candy,50,5 km,2.27,227,12:20,"2.21, 2.27","Ground, Psychic",024: Arbok,
24,24,Arbok,http://www.serebii.net/pokemongo/pokemon/024.png,Poison,3.51,65,Ekans Candy,0,Not in Eggs,0.072,7,01:50,0,"Ground, Psychic",,023: Ekans
25,25,Pikachu,http://www.serebii.net/pokemongo/pokemon/025.png,Electric,0.41,6,Pikachu Candy,50,2 km,0.21,21,04:00,2.34,Ground,026: Raichu,
26,26,Raichu,http://www.serebii.net/pokemongo/pokemon/026.png,Electric,0.79,30,Pikachu Candy,0,Not in Eggs,0.0076,0,23:58,0,Ground,,025: Pikachu
27,27,Sandshrew,http://www.serebii.net/pokemongo/pokemon/027.png,Ground,0.61,12,Sandshrew Candy,50,5 km,1.11,111,01:58,2.45,"Water, Grass, Ice",028: Sandslash,
28,28,Sandslash,http://www.serebii.net/pokemongo/pokemon/028.png,Ground,0.99,29.5,Sandshrew Candy,0,Not in Eggs,0.037,3,12:34,0,"Water, Grass, Ice",,027: Sandshrew
29,29,Nidoran ♀ (Female),http://www.serebii.net/pokemongo/pokemon/029.png,Poison,0.41,7,Nidoran ♀ (Female) Candy,25,5 km,1.38,138,01:51,"1.63, 2.48","Ground, Psychic","030: Nidorina, 031: Nidoqueen",
30,30,Nidorina,http://www.serebii.net/pokemongo/pokemon/030.png,Poison,0.79,20,Nidoran ♀ (Female) Candy,100,Not in Eggs,0.088,8,07:22,"1.83, 2.48","Ground, Psychic",031: Nidoqueen,029: Nidoran(Female)
31,31,Nidoqueen,http://www.serebii.net/pokemongo/pokemon/031.png,"Poison, Ground",1.3,60,Nidoran ♀ (Female) Candy,0,Not in Eggs,0.012,1,12:35,0,"Water, Ice, Ground, Psychic",,"029: Nidoran(Female), 030: Nidorina"
32,32,Nidoran ♂ (Male),http://www.serebii.net/pokemongo/pokemon/032.png,Poison,0.51,9,Nidoran ♂ (Male) Candy,25,5 km,1.31,131,01:12,"1.64, 1.7","Ground, Psychic","033: Nidorino, 034: Nidoking",
33,33,Nidorino,http://www.serebii.net/pokemongo/pokemon/033.png,Poison,0.89,19.5,Nidoran ♂ (Male) Candy,100,Not in Eggs,0.083,8,09:02,1.83,"Ground, Psychic",034: Nidoking,032: Nidoran(Male)
34,34,Nidoking,http://www.serebii.net/pokemongo/pokemon/034.png,"Poison, Ground",1.4,62,Nidoran ♂ (Male) Candy,0,Not in Eggs,0.017,1,12:16,0,"Water, Ice, Ground, Psychic",,"032: Nidoran(Male), 033: Nidorino"
35,35,Clefairy,http://www.serebii.net/pokemongo/pokemon/035.png,Normal,0.61,7.5,Clefairy Candy,50,2 km,0.92,92,03:30,"2.03, 2.14",Fighting,036: Clefable,
36,36,Clefable,http://www.serebii.net/pokemongo/pokemon/036.png,Normal,1.3,40,Clefairy Candy,0,Not in Eggs,0.012,1,03:29,0,Fighting,,035: Clefairy
37,37,Vulpix,http://www.serebii.net/pokemongo/pokemon/037.png,Fire,0.61,9.9,Vulpix Candy,50,5 km,0.22,22,13:43,"2.74, 2.81","Water, Ground, Rock",038: Ninetales,
38,38,Ninetales,http://www.serebii.net/pokemongo/pokemon/038.png,Fire,1.09,19.9,Vulpix Candy,0,Not in Eggs,0.0077,0,01:32,0,"Water, Ground, Rock",,037: Vulpix
39,39,Jigglypuff,http://www.serebii.net/pokemongo/pokemon/039.png,Normal,0.51,5.5,Jigglypuff Candy,50,2 km,0.39,39,08:46,1.85,Fighting,040: Wigglytuff,
40,40,Wigglytuff,http://www.serebii.net/pokemongo/pokemon/040.png,Normal,0.99,12,Jigglypuff Candy,0,Not in Eggs,0.018,1,12:28,0,Fighting,,039: Jigglypuff
41,41,Zubat,http://www.serebii.net/pokemongo/pokemon/041.png,"Poison, Flying",0.79,7.5,Zubat Candy,50,2 km,6.52,652,12:28,"2.6, 3.67","Electric, Ice, Psychic, Rock",042: Golbat,
42,42,Golbat,http://www.serebii.net/pokemongo/pokemon/042.png,"Poison, Flying",1.6,55,Zubat Candy,0,Not in Eggs,0.42,42,02:15,0,"Electric, Ice, Psychic, Rock",,041: Zubat
43,43,Oddish,http://www.serebii.net/pokemongo/pokemon/043.png,"Grass, Poison",0.51,5.4,Oddish Candy,25,5 km,1.02,102,03:58,1.5,"Fire, Ice, Flying, Psychic","044: Gloom, 045: Vileplume",
44,44,Gloom,http://www.serebii.net/pokemongo/pokemon/044.png,"Grass, Poison",0.79,8.6,Oddish Candy,100,Not in Eggs,0.064,6,11:33,1.49,"Fire, Ice, Flying, Psychic",045: Vileplume,043: Oddish
45,45,Vileplume,http://www.serebii.net/pokemongo/pokemon/045.png,"Grass, Poison",1.19,18.6,Oddish Candy,0,Not in Eggs,0.0097,0,23:58,0,"Fire, Ice, Flying, Psychic",,"043: Oddish, 044: Gloom"
46,46,Paras,http://www.serebii.net/pokemongo/pokemon/046.png,"Bug, Grass",0.3,5.4,Paras Candy,50,5 km,2.36,236,01:42,2.02,"Fire, Ice, Poison, Flying, Bug, Rock",047: Parasect,
47,47,Parasect,http://www.serebii.net/pokemongo/pokemon/047.png,"Bug, Grass",0.99,29.5,Paras Candy,0,Not in Eggs,0.074,7,01:22,0,"Fire, Ice, Poison, Flying, Bug, Rock",,046: Paras
48,48,Venonat,http://www.serebii.net/pokemongo/pokemon/048.png,"Bug, Poison",0.99,30,Venonat Candy,50,5 km,2.28,228,02:31,"1.86, 1.9","Fire, Flying, Psychic, Rock",049: Venomoth,
49,49,Venomoth,http://www.serebii.net/pokemongo/pokemon/049.png,"Bug, Poison",1.5,12.5,Venonat Candy,0,Not in Eggs,0.072,7,23:40,0,"Fire, Flying, Psychic, Rock",,048: Venonat
50,50,Diglett,http://www.serebii.net/pokemongo/pokemon/050.png,Ground,0.2,0.8,Diglett Candy,50,5 km,0.4,40,02:22,2.69,"Water, Grass, Ice",051: Dugtrio,
51,51,Dugtrio,http://www.serebii.net/pokemongo/pokemon/051.png,Ground,0.71,33.3,Dugtrio,0,Not in Eggs,0.014,1,12:37,0,"Water, Grass, Ice",,050: Diglett
52,52,Meowth,http://www.serebii.net/pokemongo/pokemon/052.png,Normal,0.41,4.2,Meowth Candy,50,5 km,0.86,86,02:54,1.98,Fighting,053: Persian,
53,53,Persian,http://www.serebii.net/pokemongo/pokemon/053.png,Normal,0.99,32,Meowth Candy,0,Not in Eggs,0.022,2,02:44,0,Fighting,,052: Meowth
54,54,Psyduck,http://www.serebii.net/pokemongo/pokemon/054.png,Water,0.79,19.6,Psyduck Candy,50,5 km,2.54,254,03:41,2.27,"Electric, Grass",055: Golduck,
55,55,Golduck,http://www.serebii.net/pokemongo/pokemon/055.png,Water,1.7,76.6,Psyduck Candy,0,Not in Eggs,0.087,8,23:06,0,"Electric, Grass",,054: Psyduck
56,56,Mankey,http://www.serebii.net/pokemongo/pokemon/056.png,Fighting,0.51,28,Mankey Candy,50,5 km,0.92,92,12:52,"2.17, 2.28","Flying, Psychic, Fairy",057: Primeape,
57,57,Primeape,http://www.serebii.net/pokemongo/pokemon/057.png,Fighting,0.99,32,Mankey Candy,0,Not in Eggs,0.031,3,12:33,0,"Flying, Psychic, Fairy",,056: Mankey
58,58,Growlithe,http://www.serebii.net/pokemongo/pokemon/058.png,Fire,0.71,19,Growlithe Candy,50,5 km,0.92,92,03:57,"2.31, 2.36","Water, Ground, Rock",059: Arcanine,
59,59,Arcanine,http://www.serebii.net/pokemongo/pokemon/059.png,Fire,1.91,155,Growlithe Candy,0,Not in Eggs,0.017,1,03:11,0,"Water, Ground, Rock",,058: Growlithe
60,60,Poliwag,http://www.serebii.net/pokemongo/pokemon/060.png,Water,0.61,12.4,Poliwag Candy,25,5 km,2.19,219,03:40,"1.72, 1.73","Electric, Grass","061: Poliwhirl, 062: Poliwrath",
61,61,Poliwhirl,http://www.serebii.net/pokemongo/pokemon/061.png,Water,0.99,20,Poliwag Candy,100,Not in Eggs,0.13,13,09:14,1.95,"Electric, Grass",062: Poliwrath,060: Poliwag
62,62,Poliwrath,http://www.serebii.net/pokemongo/pokemon/062.png,"Water, Fighting",1.3,54,Poliwag Candy,0,Not in Eggs,0.011,1,01:32,0,"Electric, Grass, Flying, Psychic, Fairy",,"060: Poliwag, 061: Poliwhirl"
63,63,Abra,http://www.serebii.net/pokemongo/pokemon/063.png,Psychic,0.89,19.5,Abra Candy,25,5 km,0.42,42,04:30,"1.36, 1.95","Bug, Ghost, Dark","064: Kadabra, 065: Alakazam",
64,64,Kadabra,http://www.serebii.net/pokemongo/pokemon/064.png,Psychic,1.3,56.5,Abra Candy,100,Not in Eggs,0.027,2,11:25,1.4,"Bug, Ghost, Dark",065: Alakazam,063: Abra
65,65,Alakazam,http://www.serebii.net/pokemongo/pokemon/065.png,Psychic,1.5,48,Abra Candy,0,Not in Eggs,0.0073,0,12:33,0,"Bug, Ghost, Dark",,"063: Abra, 064: Kadabra"
66,66,Machop,http://www.serebii.net/pokemongo/pokemon/066.png,Fighting,0.79,19.5,Machop Candy,25,5 km,0.49,49,01:55,"1.64, 1.65","Flying, Psychic, Fairy","067: Machoke, 068: Machamp",
67,67,Machoke,http://www.serebii.net/pokemongo/pokemon/067.png,Fighting,1.5,70.5,Machop Candy,100,Not in Eggs,0.034,3,10:32,1.7,"Flying, Psychic, Fairy",068: Machamp,066: Machop
68,68,Machamp,http://www.serebii.net/pokemongo/pokemon/068.png,Fighting,1.6,130,Machop Candy,0,Not in Eggs,0.0068,0,02:55,0,"Flying, Psychic, Fairy",,"066: Machop, 067: Machoke"
69,69,Bellsprout,http://www.serebii.net/pokemongo/pokemon/069.png,"Grass, Poison",0.71,4,Bellsprout Candy,25,5 km,1.15,115,04:10,1.57,"Fire, Ice, Flying, Psychic","070: Weepinbell, 071: Victreebel",
70,70,Weepinbell,http://www.serebii.net/pokemongo/pokemon/070.png,"Grass, Poison",0.99,6.4,Bellsprout Candy,100,Not in Eggs,0.072,7,09:45,1.59,"Fire, Ice, Flying, Psychic",071: Victreebel,069: Bellsprout
71,71,Victreebel,http://www.serebii.net/pokemongo/pokemon/071.png,"Grass, Poison",1.7,15.5,Bellsprout Candy,0,Not in Eggs,0.0059,0,12:19,0,"Fire, Ice, Flying, Psychic",,"069: Bellsprout, 070: Weepinbell"
72,72,Tentacool,http://www.serebii.net/pokemongo/pokemon/072.png,"Water, Poison",0.89,45.5,Tentacool Candy,50,5 km,0.81,81,03:20,2.52,"Electric, Ground, Psychic",073: Tentacruel,
73,73,Tentacruel,http://www.serebii.net/pokemongo/pokemon/073.png,"Water, Poison",1.6,55,Tentacool Candy,0,Not in Eggs,0.082,8,23:36,0,"Electric, Ground, Psychic",,072: Tentacool
74,74,Geodude,http://www.serebii.net/pokemongo/pokemon/074.png,"Rock, Ground",0.41,20,Geodude Candy,25,2 km,1.19,119,12:40,"1.75, 1.76","Water, Grass, Ice, Fighting, Ground, Steel","075: Graveler, 076: Golem",
75,75,Graveler,http://www.serebii.net/pokemongo/pokemon/075.png,"Rock, Ground",0.99,105,Geodude Candy,100,Not in Eggs,0.071,7,04:53,"1.64, 1.72","Water, Grass, Ice, Fighting, Ground, Steel",076: Golem,074: Geodude
76,76,Golem,http://www.serebii.net/pokemongo/pokemon/076.png,"Rock, Ground",1.4,300,Geodude Candy,0,Not in Eggs,0.0047,0,12:16,0,"Water, Grass, Ice, Fighting, Ground, Steel",,"074: Geodude, 075: Graveler"
77,77,Ponyta,http://www.serebii.net/pokemongo/pokemon/077.png,Fire,0.99,30,Ponyta Candy,50,5 km,0.51,51,02:50,"1.48, 1.5","Water, Ground, Rock",078: Rapidash,
78,78,Rapidash,http://www.serebii.net/pokemongo/pokemon/078.png,Fire,1.7,95,Ponyta Candy,0,Not in Eggs,0.011,1,04:00,0,"Water, Ground, Rock",,077: Ponyta
79,79,Slowpoke,http://www.serebii.net/pokemongo/pokemon/079.png,"Water, Psychic",1.19,36,Slowpoke Candy,50,5 km,1.05,105,07:12,2.21,"Electric, Grass, Bug, Ghost, Dark",080: Slowbro,
80,80,Slowbro,http://www.serebii.net/pokemongo/pokemon/080.png,"Water, Psychic",1.6,78.5,Slowpoke Candy,0,Not in Eggs,0.036,3,02:56,0,"Electric, Grass, Bug, Ghost, Dark",,079: Slowpoke
81,81,Magnemite,http://www.serebii.net/pokemongo/pokemon/081.png,Electric,0.3,6,Magnemite Candy,50,5 km,0.71,71,04:04,"2.16, 2.17","Fire, Water, Ground",082: Magneton,
82,82,Magneton,http://www.serebii.net/pokemongo/pokemon/082.png,Electric,0.99,60,Magnemite Candy,0,Not in Eggs,0.023,2,15:25,0,"Fire, Water, Ground",,081: Magnemite
83,83,Farfetch'd,http://www.serebii.net/pokemongo/pokemon/083.png,"Normal, Flying",0.79,15,None,0,5 km,0.0212,2,01:09,0,"Electric, Rock",,
84,84,Doduo,http://www.serebii.net/pokemongo/pokemon/084.png,"Normal, Flying",1.4,39.2,Doduo Candy,50,5 km,0.52,52,05:10,"2.19, 2.24","Electric, Rock",085: Dodrio,
85,85,Dodrio,http://www.serebii.net/pokemongo/pokemon/085.png,"Normal, Flying",1.8,85.2,Doduo Candy,0,Not in Eggs,0.22,22,02:12,0,"Electric, Rock",,084: Doduo
86,86,Seel,http://www.serebii.net/pokemongo/pokemon/086.png,Water,1.09,90,Seel Candy,50,5 km,0.28,28,06:46,"1.04, 1.96","Electric, Grass",087: Dewgong,
87,87,Dewgong,http://www.serebii.net/pokemongo/pokemon/087.png,"Water, Ice",1.7,120,Seel Candy,0,Not in Eggs,0.013,1,06:04,0,"Electric, Grass, Fighting, Rock",,086: Seel
88,88,Grimer,http://www.serebii.net/pokemongo/pokemon/088.png,Poison,0.89,30,Grimer Candy,50,5 km,0.052,5,15:11,2.44,"Ground, Psychic",089: Muk,
89,89,Muk,http://www.serebii.net/pokemongo/pokemon/089.png,Poison,1.19,30,Grimer Candy,0,Not in Eggs,0.0031,0,01:28,0,"Ground, Psychic",,088: Grimer
90,90,Shellder,http://www.serebii.net/pokemongo/pokemon/090.png,Water,0.3,4,Shellder Candy,50,5 km,0.52,52,07:39,2.65,"Electric, Grass",091: Cloyster,
91,91,Cloyster,http://www.serebii.net/pokemongo/pokemon/091.png,"Water, Ice",1.5,132.5,Shellder Candy,0,Not in Eggs,0.015,1,02:33,0,"Electric, Grass, Fighting, Rock",,090: Shellder
92,92,Gastly,http://www.serebii.net/pokemongo/pokemon/092.png,"Ghost, Poison",1.3,0.1,Gastly Candy,25,5 km,0.79,79,04:21,1.78,"Ground, Psychic, Ghost, Dark","093: Haunter, 094: Gengar",
93,93,Haunter,http://www.serebii.net/pokemongo/pokemon/093.png,"Ghost, Poison",1.6,0.1,Gastly Candy,100,Not in Eggs,0.052,5,00:10,"1.56, 1.8","Ground, Psychic, Ghost, Dark",094: Gengar,092: Gastly
94,94,Gengar,http://www.serebii.net/pokemongo/pokemon/094.png,"Ghost, Poison",1.5,40.5,Gastly Candy,0,Not in Eggs,0.0067,0,03:55,0,"Ground, Psychic, Ghost, Dark",,"092: Gastly, 093: Haunter"
95,95,Onix,http://www.serebii.net/pokemongo/pokemon/095.png,"Rock, Ground",8.79,210,None,0,10 km,0.1,10,01:18,0,"Water, Grass, Ice, Fighting, Ground, Steel",,
96,96,Drowzee,http://www.serebii.net/pokemongo/pokemon/096.png,Psychic,0.99,32.4,Drowzee Candy,50,5 km,3.21,321,01:51,"2.08, 2.09","Bug, Ghost, Dark",097: Hypno,
97,97,Hypno,http://www.serebii.net/pokemongo/pokemon/097.png,Psychic,1.6,75.6,Drowzee Candy,0,Not in Eggs,0.1,10,02:17,0,"Bug, Ghost, Dark",,096: Drowzee
98,98,Krabby,http://www.serebii.net/pokemongo/pokemon/098.png,Water,0.41,6.5,Krabby Candy,50,5 km,2.12,212,03:33,"2.36, 2.4","Electric, Grass",099: Kingler,
99,99,Kingler,http://www.serebii.net/pokemongo/pokemon/099.png,Water,1.3,60,Krabby Candy,0,Not in Eggs,0.062,6,03:44,0,"Electric, Grass",,098: Krabby
100,100,Voltorb,http://www.serebii.net/pokemongo/pokemon/100.png,Electric,0.51,10.4,Voltorb Candy,50,5 km,0.65,65,04:36,"2.01, 2.02",Ground,101: Electrode,
101,101,Electrode,http://www.serebii.net/pokemongo/pokemon/101.png,Electric,1.19,66.6,Voltorb Candy,0,Not in Eggs,0.02,2,04:10,0,Ground,,100: Voltorb
102,102,Exeggcute,http://www.serebii.net/pokemongo/pokemon/102.png,"Grass, Psychic",0.41,2.5,Exeggcute Candy,50,5 km,0.78,78,09:09,"2.7, 3.18","Fire, Ice, Poison, Flying, Bug, Ghost, Dark",103: Exeggutor,
103,103,Exeggutor,http://www.serebii.net/pokemongo/pokemon/103.png,"Grass, Psychic",2.01,120,Exeggcute Candy,0,Not in Eggs,0.014,1,12:34,0,"Fire, Ice, Poison, Flying, Bug, Ghost, Dark",,102: Exeggcute
104,104,Cubone,http://www.serebii.net/pokemongo/pokemon/104.png,Ground,0.41,6.5,Cubone Candy,50,5 km,0.61,61,01:51,1.67,"Water, Grass, Ice",105: Marowak,
105,105,Marowak,http://www.serebii.net/pokemongo/pokemon/105.png,Ground,0.99,45,Cubone Candy,0,Not in Eggs,0.02,2,03:59,0,"Water, Grass, Ice",,104: Cubone
106,106,Hitmonlee,http://www.serebii.net/pokemongo/pokemon/106.png,Fighting,1.5,49.8,None,0,10 km,0.02,2,03:59,0,"Flying, Psychic, Fairy",,
107,107,Hitmonchan,http://www.serebii.net/pokemongo/pokemon/107.png,Fighting,1.4,50.2,None,0,10 km,0.022,2,05:58,0,"Flying, Psychic, Fairy",,
108,108,Lickitung,http://www.serebii.net/pokemongo/pokemon/108.png,Normal,1.19,65.5,None,0,5 km,0.011,1,02:46,0,Fighting,,
109,109,Koffing,http://www.serebii.net/pokemongo/pokemon/109.png,Poison,0.61,1,Koffing Candy,50,5 km,0.2,20,08:16,1.11,"Ground, Psychic",110: Weezing,
110,110,Weezing,http://www.serebii.net/pokemongo/pokemon/110.png,Poison,1.19,9.5,Koffing Candy,0,Not in Eggs,0.016,1,12:17,0,"Ground, Psychic",,109: Koffing
111,111,Rhyhorn,http://www.serebii.net/pokemongo/pokemon/111.png,"Ground, Rock",0.99,115,Rhyhorn Candy,50,5 km,0.63,63,03:21,1.91,"Water, Grass, Ice, Fighting, Ground, Steel",112: Rhydon,
112,112,Rhydon,http://www.serebii.net/pokemongo/pokemon/112.png,"Ground, Rock",1.91,120,Rhyhorn Candy,0,Not in Eggs,0.022,2,05:50,0,"Water, Grass, Ice, Fighting, Ground, Steel",,111: Rhyhorn
113,113,Chansey,http://www.serebii.net/pokemongo/pokemon/113.png,Normal,1.09,34.6,None,0,10 km,0.013,1,04:46,0,Fighting,,
114,114,Tangela,http://www.serebii.net/pokemongo/pokemon/114.png,Grass,0.99,35,None,0,5 km,0.228,22,23:13,0,"Fire, Ice, Poison, Flying, Bug",,
115,115,Kangaskhan,http://www.serebii.net/pokemongo/pokemon/115.png,Normal,2.21,80,None,0,5 km,0.0086,0,02:40,0,Fighting,,
116,116,Horsea,http://www.serebii.net/pokemongo/pokemon/116.png,Water,0.41,8,Horsea Candy,50,5 km,1.13,113,02:53,2.23,"Electric, Grass",117: Seadra,
117,117,Seadra,http://www.serebii.net/pokemongo/pokemon/117.png,Water,1.19,25,Horsea Candy,0,Not in Eggs,0.034,3,03:18,0,"Electric, Grass",,116: Horsea
118,118,Goldeen,http://www.serebii.net/pokemongo/pokemon/118.png,Water,0.61,15,Goldeen Candy,50,5 km,2.18,218,03:14,"2.15, 2.2","Electric, Grass",119: Seaking,
119,119,Seaking,http://www.serebii.net/pokemongo/pokemon/119.png,Water,1.3,39,Goldeen Candy,0,Not in Eggs,0.08,8,05:21,0,"Electric, Grass",,118: Goldeen
120,120,Staryu,http://www.serebii.net/pokemongo/pokemon/120.png,Water,0.79,34.5,Staryu Candy,50,5 km,1.95,195,22:59,"2.38, 2.41","Electric, Grass",121: Starmie,
121,121,Starmie,http://www.serebii.net/pokemongo/pokemon/121.png,"Water, Psychic",1.09,80,Staryu Candy,0,Not in Eggs,0.034,3,06:57,0,"Electric, Grass, Bug, Ghost, Dark",,120: Staryu
122,122,Mr. Mime,http://www.serebii.net/pokemongo/pokemon/122.png,Psychic,1.3,54.5,None,0,10 km,0.0031,0,01:51,0,"Bug, Ghost, Dark",,
123,123,Scyther,http://www.serebii.net/pokemongo/pokemon/123.png,"Bug, Flying",1.5,56,None,0,10 km,0.14,14,05:43,0,"Fire, Electric, Ice, Flying, Rock",,
124,124,Jynx,http://www.serebii.net/pokemongo/pokemon/124.png,"Ice, Psychic",1.4,40.6,None,0,10 km,0.35,35,05:41,0,"Fire, Bug, Rock, Ghost, Dark, Steel",,
125,125,Electabuzz,http://www.serebii.net/pokemongo/pokemon/125.png,Electric,1.09,30,None,0,10 km,0.074,7,04:28,0,Ground,,
126,126,Magmar,http://www.serebii.net/pokemongo/pokemon/126.png,Fire,1.3,44.5,None,0,10 km,0.1,10,20:36,0,"Water, Ground, Rock",,
127,127,Pinsir,http://www.serebii.net/pokemongo/pokemon/127.png,Bug,1.5,55,None,0,10 km,0.99,99,03:25,0,"Fire, Flying, Rock",,
128,128,Tauros,http://www.serebii.net/pokemongo/pokemon/128.png,Normal,1.4,88.4,None,0,5 km,0.12,12,00:37,0,Fighting,,
129,129,Magikarp,http://www.serebii.net/pokemongo/pokemon/129.png,Water,0.89,10,Magikarp Candy,400,2 km,4.78,478,14:26,"10.1, 11.8","Electric, Grass",130: Gyarados,
130,130,Gyarados,http://www.serebii.net/pokemongo/pokemon/130.png,"Water, Flying",6.5,235,Magikarp Candy,0,Not in Eggs,0.0032,0,02:15,0,"Electric, Rock",,129: Magikarp
131,131,Lapras,http://www.serebii.net/pokemongo/pokemon/131.png,"Water, Ice",2.49,220,None,0,10 km,0.006,0,08:59,0,"Electric, Grass, Fighting, Rock",,
132,132,Ditto,http://www.serebii.net/pokemongo/pokemon/132.png,Normal,0.3,4,None,0,Not in Eggs,0,0,N/A,0,Fighting,,
133,133,Eevee,http://www.serebii.net/pokemongo/pokemon/133.png,Normal,0.3,6.5,Eevee Candy,25,10 km,2.75,275,05:32,"2.02, 2.64",Fighting,"134: Vaporeon, 135: Jolteon, 136: Flareon",
134,134,Vaporeon,http://www.serebii.net/pokemongo/pokemon/134.png,Water,0.99,29,Eevee Candy,0,Not in Eggs,0.014,1,10:54,0,"Electric, Grass",,133: Eevee
135,135,Jolteon,http://www.serebii.net/pokemongo/pokemon/135.png,Electric,0.79,24.5,None,0,Not in Eggs,0.012,1,02:30,0,Ground,,133: Eevee
136,136,Flareon,http://www.serebii.net/pokemongo/pokemon/136.png,Fire,0.89,25,Eevee Candy,0,Not in Eggs,0.017,1,07:02,0,"Water, Ground, Rock",,133: Eevee
137,137,Porygon,http://www.serebii.net/pokemongo/pokemon/137.png,Normal,0.79,36.5,None,0,5 km,0.012,1,02:49,0,Fighting,,
138,138,Omanyte,http://www.serebii.net/pokemongo/pokemon/138.png,"Rock, Water",0.41,7.5,Omanyte Candy,50,10 km,0.14,14,10:23,2.12,"Electric, Grass, Fighting, Ground",139: Omastar,
139,139,Omastar,http://www.serebii.net/pokemongo/pokemon/139.png,"Rock, Water",0.99,35,None,0,Omanyte Candy,0.0061,0,05:04,0,"Electric, Grass, Fighting, Ground",,138: Omanyte
140,140,Kabuto,http://www.serebii.net/pokemongo/pokemon/140.png,"Rock, Water",0.51,11.5,Kabuto Candy,50,10 km,0.1,10,00:05,"1.97, 2.37","Electric, Grass, Fighting, Ground",141: Kabutops,
141,141,Kabutops,http://www.serebii.net/pokemongo/pokemon/141.png,"Rock, Water",1.3,40.5,Kabuto Candy,0,Not in Eggs,0.0032,0,23:40,0,"Electric, Grass, Fighting, Ground",,140: Kabuto
142,142,Aerodactyl,http://www.serebii.net/pokemongo/pokemon/142.png,"Rock, Flying",1.8,59,None,0,10 km,0.018,1,23:40,0,"Water, Electric, Ice, Rock, Steel",,
143,143,Snorlax,http://www.serebii.net/pokemongo/pokemon/143.png,Normal,2.11,460,None,0,10 km,0.016,1,23:40,0,Fighting,,
144,144,Articuno,http://www.serebii.net/pokemongo/pokemon/144.png,"Ice, Flying",1.7,55.4,None,0,Not in Eggs,0,0,N/A,0,"Fire, Electric, Rock, Steel",,
145,145,Zapdos,http://www.serebii.net/pokemongo/pokemon/145.png,"Electric, Flying",1.6,52.6,None,0,Not in Eggs,0,0,N/A,0,"Ice, Rock",,
146,146,Moltres,http://www.serebii.net/pokemongo/pokemon/146.png,"Fire, Flying",2.01,60,None,0,Not in Eggs,0,0,N/A,0,"Water, Electric, Rock",,
147,147,Dratini,http://www.serebii.net/pokemongo/pokemon/147.png,Dragon,1.8,3.3,Dratini Candy,25,10 km,0.3,30,06:41,"1.83, 1.84","Ice, Dragon, Fairy","148: Dragonair, 149: Dragonite",
148,148,Dragonair,http://www.serebii.net/pokemongo/pokemon/148.png,Dragon,3.99,16.5,Dratini Candy,100,Not in Eggs,0.02,2,11:57,2.05,"Ice, Dragon, Fairy",149: Dragonite,147: Dratini
149,149,Dragonite,http://www.serebii.net/pokemongo/pokemon/149.png,"Dragon, Flying",2.21,210,Dratini Candy,0,Not in Eggs,0.0011,0,23:38,0,"Ice, Rock, Dragon, Fairy",,"147: Dratini, 148: Dragonair"
150,150,Mewtwo,http://www.serebii.net/pokemongo/pokemon/150.png,Psychic,2.01,122,None,0,Not in Eggs,0,0,N/A,0,"Bug, Ghost, Dark",,
151,151,Mew,http://www.serebii.net/pokemongo/pokemon/151.png,Psychic,0.41,4,None,0,Not in Eggs,0,0,N/A,0,"Bug, Ghost, Dark",,
